idx,file,ok,score,violations
1,docs/archive/prompt-versions/v1.md,False,0,HTTP Error 401: Unauthorized
2,docs/archive/prompt-versions/v10.md,False,0,HTTP Error 401: Unauthorized
3,docs/archive/prompt-versions/v100.md,False,0,HTTP Error 401: Unauthorized
4,docs/archive/prompt-versions/v101.md,False,0,HTTP Error 401: Unauthorized
5,docs/archive/prompt-versions/v102.md,False,0,HTTP Error 401: Unauthorized
6,docs/archive/prompt-versions/v103.md,False,0,HTTP Error 401: Unauthorized
7,docs/archive/prompt-versions/v104.md,False,0,HTTP Error 401: Unauthorized
8,docs/archive/prompt-versions/v105.md,False,0,HTTP Error 401: Unauthorized
9,docs/archive/prompt-versions/v106.md,False,0,HTTP Error 401: Unauthorized
10,docs/archive/prompt-versions/v107.md,False,0,HTTP Error 401: Unauthorized
11,docs/archive/prompt-versions/v108.md,False,0,HTTP Error 401: Unauthorized
12,docs/archive/prompt-versions/v109.md,False,0,HTTP Error 401: Unauthorized
